{
  "timestamp": "2026-01-26 19:43:13",
  "framework": "PyTorch",
  "model_architecture": "LSTM (64\u219232 units)",
  "total_samples": 20140,
  "train_samples": 14098,
  "val_samples": 3021,
  "test_samples": 3021,
  "test_accuracy": 0.9695465077788812,
  "mean_confidence": 0.9691753387451172,
  "epochs_trained": 33,
  "final_train_loss": 0.08000424388099284,
  "final_val_loss": 0.07416869719564548,
  "best_val_loss": 0.07001329963642833,
  "final_train_acc": 0.965314228968648,
  "final_val_acc": 0.9695465077788812
}